Intersection_Name,Cycle,Phase_NS,Phase_EW
NVCMT,1,56,56
304THN,1,56,56
NVCNVL,1,56,56
32NVL,1,56,56
32MT,1,56,56
304NVL,1,76,36
NVCCMT8,1,56,56
32THN,1,56,56
NVCMT,2,56,56
304THN,2,56,56
NVCNVL,2,10,102
32NVL,2,102,10
32MT,2,31,81
NVCCMT8,2,56,56
32THN,2,56,56
304NVL,2,10,102
NVCMT,3,56,56
304THN,3,56,56
NVCNVL,3,10,102
32NVL,3,102,10
NVCCMT8,3,56,56
32THN,3,56,56
32MT,3,36,76
304NVL,3,52,60
NVCMT,4,56,56
304THN,4,56,56
NVCNVL,4,10,102
32NVL,4,102,10
NVCCMT8,4,56,56
32THN,4,56,56
32MT,4,52,60
304NVL,4,10,102
NVCMT,5,56,56
304THN,5,56,56
NVCNVL,5,56,56
NVCCMT8,5,56,56
32THN,5,56,56
32NVL,5,25,87
304NVL,5,48,64
32MT,5,56,56
NVCMT,6,56,56
304THN,6,56,56
NVCNVL,6,10,102
NVCCMT8,6,56,56
32THN,6,56,56
32NVL,6,102,10
32MT,6,23,89
304NVL,6,10,102
NVCMT,7,56,56
304THN,7,56,56
NVCNVL,7,56,56
NVCCMT8,7,56,56
32THN,7,56,56
32NVL,7,102,10
304NVL,7,10,102
32MT,7,48,64
NVCMT,8,102,10
304THN,8,56,56
NVCNVL,8,10,102
NVCCMT8,8,56,56
32THN,8,56,56
32NVL,8,102,10
304NVL,8,10,102
32MT,8,10,102
NVCMT,9,10,102
304THN,9,56,56
NVCNVL,9,56,56
NVCCMT8,9,56,56
32THN,9,56,56
32NVL,9,102,10
304NVL,9,12,100
32MT,9,58,54
NVCMT,10,56,56
304THN,10,56,56
NVCNVL,10,10,102
NVCCMT8,10,56,56
32THN,10,56,56
32NVL,10,102,10
304NVL,10,10,102
32MT,10,14,98
NVCMT,11,56,56
304THN,11,56,56
NVCNVL,11,56,56
NVCCMT8,11,56,56
32THN,11,56,56
32NVL,11,56,56
304NVL,11,47,65
32MT,11,44,68
NVCMT,12,56,56
304THN,12,56,56
NVCNVL,12,10,102
NVCCMT8,12,56,56
32THN,12,56,56
32NVL,12,102,10
304NVL,12,10,102
32MT,12,33,79
NVCMT,13,56,56
304THN,13,56,56
NVCNVL,13,10,102
NVCCMT8,13,56,56
32THN,13,56,56
32NVL,13,102,10
304NVL,13,10,102
32MT,13,50,62
NVCMT,14,56,56
304THN,14,56,56
NVCNVL,14,10,102
NVCCMT8,14,56,56
32THN,14,56,56
32NVL,14,102,10
304NVL,14,10,102
32MT,14,27,85
NVCMT,15,56,56
304THN,15,56,56
NVCNVL,15,56,56
NVCCMT8,15,56,56
32THN,15,56,56
32NVL,15,58,54
304NVL,15,30,82
32MT,15,98,14
NVCMT,16,56,56
304THN,16,56,56
NVCNVL,16,10,102
NVCCMT8,16,56,56
32THN,16,56,56
32NVL,16,102,10
304NVL,16,10,102
32MT,16,12,100
NVCMT,17,56,56
304THN,17,56,56
NVCNVL,17,10,102
NVCCMT8,17,56,56
32THN,17,56,56
32NVL,17,56,56
304NVL,17,68,44
32MT,17,22,90
NVCMT,18,56,56
304THN,18,56,56
NVCNVL,18,56,56
NVCCMT8,18,56,56
32THN,18,56,56
32NVL,18,102,10
304NVL,18,10,102
32MT,18,41,71
NVCMT,19,56,56
304THN,19,56,56
NVCNVL,19,10,102
NVCCMT8,19,56,56
32THN,19,56,56
32NVL,19,102,10
304NVL,19,10,102
32MT,19,14,98
NVCMT,20,56,56
304THN,20,56,56
NVCNVL,20,10,102
NVCCMT8,20,56,56
32THN,20,56,56
32NVL,20,75,37
304NVL,20,32,80
32MT,20,68,44
NVCMT,21,56,56
304THN,21,56,56
NVCNVL,21,10,102
NVCCMT8,21,56,56
32THN,21,56,56
32NVL,21,102,10
304NVL,21,10,102
32MT,21,14,98
NVCMT,22,56,56
304THN,22,56,56
NVCNVL,22,56,56
NVCCMT8,22,56,56
32THN,22,56,56
32NVL,22,82,30
304NVL,22,10,102
32MT,22,102,10
NVCMT,23,56,56
304THN,23,56,56
NVCNVL,23,10,102
NVCCMT8,23,56,56
32THN,23,56,56
32NVL,23,102,10
304NVL,23,20,92
32MT,23,10,102
NVCMT,24,56,56
304THN,24,56,56
NVCNVL,24,10,102
NVCCMT8,24,56,56
32THN,24,102,10
32NVL,24,102,10
304NVL,24,10,102
32MT,24,39,73
NVCMT,25,56,56
304THN,25,56,56
NVCNVL,25,56,56
NVCCMT8,25,56,56
32THN,25,56,56
32NVL,25,102,10
304NVL,25,10,102
32MT,25,99,13
NVCMT,26,56,56
304THN,26,56,56
NVCNVL,26,10,102
NVCCMT8,26,56,56
32THN,26,56,56
32NVL,26,102,10
304NVL,26,10,102
32MT,26,16,96
NVCMT,27,56,56
304THN,27,56,56
NVCNVL,27,10,102
NVCCMT8,27,56,56
32THN,27,10,102
32NVL,27,102,10
304NVL,27,10,102
32MT,27,25,87
NVCMT,28,56,56
304THN,28,56,56
NVCNVL,28,56,56
NVCCMT8,28,10,102
32THN,28,56,56
32NVL,28,41,71
304NVL,28,10,102
32MT,28,56,56
NVCMT,29,56,56
304THN,29,56,56
NVCNVL,29,10,102
NVCCMT8,29,56,56
32THN,29,56,56
32NVL,29,102,10
304NVL,29,10,102
32MT,29,20,92
NVCMT,30,10,102
304THN,30,56,56
NVCNVL,30,56,56
NVCCMT8,30,56,56
32THN,30,56,56
32NVL,30,86,26
304NVL,30,10,102
32MT,30,34,78
NVCMT,31,102,10
304THN,31,56,56
NVCNVL,31,10,102
NVCCMT8,31,56,56
32THN,31,56,56
32NVL,31,102,10
304NVL,31,10,102
32MT,31,56,56
NVCMT,32,56,56
304THN,32,56,56
NVCNVL,32,10,102
NVCCMT8,32,56,56
32THN,32,56,56
32NVL,32,102,10
304NVL,32,10,102
32MT,32,57,55
NVCMT,33,56,56
304THN,33,56,56
NVCNVL,33,10,102
NVCCMT8,33,56,56
32THN,33,56,56
32NVL,33,82,30
304NVL,33,10,102
32MT,33,40,72
NVCMT,34,56,56
304THN,34,56,56
NVCNVL,34,10,102
NVCCMT8,34,56,56
32THN,34,56,56
32NVL,34,102,10
304NVL,34,10,102
32MT,34,34,78
NVCMT,35,56,56
304THN,35,56,56
NVCNVL,35,56,56
NVCCMT8,35,56,56
32THN,35,56,56
32NVL,35,91,21
304NVL,35,10,102
32MT,35,61,51
NVCMT,36,10,102
304THN,36,56,56
NVCNVL,36,56,56
NVCCMT8,36,56,56
32THN,36,56,56
32NVL,36,32,80
304NVL,36,25,87
32MT,36,56,56
NVCMT,37,56,56
304THN,37,56,56
NVCNVL,37,10,102
NVCCMT8,37,56,56
32THN,37,56,56
32NVL,37,102,10
304NVL,37,10,102
32MT,37,66,46
NVCMT,38,56,56
304THN,38,56,56
NVCNVL,38,10,102
NVCCMT8,38,56,56
32THN,38,56,56
32NVL,38,102,10
304NVL,38,10,102
32MT,38,19,93
NVCMT,39,56,56
304THN,39,56,56
NVCNVL,39,10,102
NVCCMT8,39,56,56
32THN,39,35,77
32NVL,39,102,10
304NVL,39,10,102
32MT,39,33,79
NVCMT,40,56,56
304THN,40,56,56
NVCNVL,40,56,56
NVCCMT8,40,56,56
32THN,40,56,56
32NVL,40,57,55
304NVL,40,17,95
32MT,40,56,56
NVCMT,41,56,56
304THN,41,56,56
NVCNVL,41,10,102
NVCCMT8,41,56,56
32THN,41,56,56
32NVL,41,102,10
304NVL,41,10,102
32MT,41,21,91
NVCMT,42,10,102
304THN,42,56,56
NVCNVL,42,56,56
NVCCMT8,42,56,56
32THN,42,56,56
32NVL,42,100,12
304NVL,42,10,102
32MT,42,102,10
NVCMT,43,56,56
304THN,43,56,56
NVCNVL,43,10,102
NVCCMT8,43,10,102
32THN,43,56,56
304NVL,43,10,102
32NVL,43,102,10
32MT,43,16,96
NVCMT,44,10,102
304THN,44,56,56
NVCNVL,44,56,56
NVCCMT8,44,56,56
32THN,44,56,56
304NVL,44,10,102
32NVL,44,77,35
32MT,44,102,10
NVCMT,45,56,56
304THN,45,56,56
NVCNVL,45,10,102
NVCCMT8,45,56,56
32THN,45,56,56
304NVL,45,10,102
32NVL,45,76,36
32MT,45,10,102
NVCMT,46,56,56
304THN,46,56,56
NVCNVL,46,56,56
NVCCMT8,46,10,102
32THN,46,56,56
304NVL,46,10,102
32NVL,46,90,22
32MT,46,43,69
NVCMT,47,56,56
304THN,47,56,56
NVCNVL,47,10,102
NVCCMT8,47,56,56
32THN,47,56,56
304NVL,47,10,102
32NVL,47,102,10
32MT,47,44,68
NVCMT,48,56,56
304THN,48,56,56
NVCNVL,48,56,56
NVCCMT8,48,56,56
32THN,48,56,56
304NVL,48,20,92
32NVL,48,102,10
32MT,48,27,85
NVCMT,49,56,56
304THN,49,56,56
NVCNVL,49,10,102
NVCCMT8,49,56,56
32THN,49,56,56
304NVL,49,13,99
32NVL,49,34,78
32MT,49,56,56
NVCMT,50,56,56
304THN,50,56,56
NVCNVL,50,56,56
NVCCMT8,50,56,56
32THN,50,56,56
304NVL,50,10,102
32NVL,50,102,10
32MT,50,17,95
NVCMT,51,56,56
304THN,51,56,56
NVCNVL,51,10,102
NVCCMT8,51,56,56
32THN,51,56,56
304NVL,51,10,102
32NVL,51,102,10
32MT,51,28,84
NVCMT,52,10,102
304THN,52,56,56
NVCNVL,52,56,56
NVCCMT8,52,56,56
32THN,52,56,56
304NVL,52,17,95
32NVL,52,102,10
32MT,52,49,63
NVCMT,53,56,56
304THN,53,56,56
NVCNVL,53,10,102
NVCCMT8,53,56,56
32THN,53,56,56
304NVL,53,49,63
32NVL,53,56,56
32MT,53,27,85
NVCMT,54,65,47
304THN,54,56,56
NVCNVL,54,10,102
NVCCMT8,54,56,56
32THN,54,56,56
304NVL,54,10,102
32NVL,54,102,10
32MT,54,10,102
304THN,55,56,56
NVCNVL,55,56,56
NVCCMT8,55,56,56
NVCMT,55,10,102
32THN,55,56,56
304NVL,55,10,102
32NVL,55,101,11
32MT,55,40,72
304THN,56,56,56
NVCNVL,56,10,102
NVCCMT8,56,56,56
NVCMT,56,56,56
32THN,56,56,56
304NVL,56,38,74
32NVL,56,56,56
32MT,56,15,97
304THN,57,56,56
NVCNVL,57,56,56
NVCCMT8,57,56,56
NVCMT,57,56,56
32THN,57,56,56
304NVL,57,10,102
32NVL,57,102,10
32MT,57,52,60
304THN,58,56,56
NVCNVL,58,10,102
NVCCMT8,58,56,56
NVCMT,58,56,56
32THN,58,56,56
304NVL,58,10,102
32NVL,58,102,10
32MT,58,37,75
304THN,59,56,56
NVCNVL,59,10,102
NVCCMT8,59,56,56
NVCMT,59,102,10
32THN,59,56,56
304NVL,59,10,102
32NVL,59,102,10
32MT,59,10,102
304THN,60,56,56
NVCNVL,60,10,102
NVCCMT8,60,56,56
NVCMT,60,56,56
32THN,60,56,56
304NVL,60,10,102
32NVL,60,102,10
32MT,60,25,87
304THN,61,56,56
NVCNVL,61,56,56
NVCCMT8,61,56,56
NVCMT,61,56,56
32THN,61,56,56
304NVL,61,33,79
32NVL,61,10,102
32MT,61,16,96
304THN,62,56,56
NVCNVL,62,10,102
NVCCMT8,62,56,56
NVCMT,62,56,56
32THN,62,56,56
32NVL,62,102,10
304NVL,62,10,102
32MT,62,81,31
304THN,63,56,56
NVCNVL,63,10,102
NVCCMT8,63,56,56
NVCMT,63,56,56
32THN,63,56,56
32NVL,63,102,10
304NVL,63,33,79
32MT,63,16,96
304THN,64,56,56
NVCNVL,64,10,102
NVCCMT8,64,56,56
NVCMT,64,56,56
32THN,64,56,56
32NVL,64,102,10
304NVL,64,10,102
32MT,64,40,72
